cohort,cohort_years,dod_occ_code_level,dod_occ_code,geo_level,geography,y1_emp,y5_emp,y10_emp,y1_p25_earnings,y5_p25_earnings,y10_p25_earnings,y1_p50_earnings,y5_p50_earnings,y10_p50_earnings,y1_p75_earnings,y5_p75_earnings,y10_p75_earnings,status_y1_emp,status_y5_emp,status_y10_emp,status_y1_earn,status_y5_earn,status_y10_earn
0,16,A,000,N,00,312300,262900,155000,23330,31130,36480,34630,45420,52620,51030,65130,75520,1,1,1,1,1,1
0,16,A,000,S,01,6952,6066,3640,24470,32630,37650,36910,47630,54700,56230,70820,80150,1,1,1,1,1,1
0,16,A,000,S,02,2879,1853,989,28230,37160,43430,41430,54130,63950,58250,73590,85230,1,1,1,1,1,1
0,16,A,000,S,04,6927,7202,4095,23760,32390,37990,37110,48080,55870,58340,69480,80140,1,1,1,1,1,1
0,16,A,000,S,05,2089,2122,1317,19730,24980,28670,27790,36330,42090,38670,49580,58230,1,1,1,1,1,1
0,16,A,000,S,06,17540,16880,9978,21840,31070,39140,32300,46890,58750,48330,67480,84340,1,1,1,1,1,1
0,16,A,000,S,08,10230,7496,4089,24610,32700,38350,36320,47250,55590,51540,67520,79810,1,1,1,1,1,1
0,16,A,000,S,09,1287,1223,693,21930,31430,41350,33360,46400,60240,48880,64340,83360,1,1,1,1,1,1
0,16,A,000,S,10,574,504.5,320,22960,28390,31950,33140,43130,47320,48210,57300,67850,1,1,1,1,1,1
0,16,A,000,S,11,1806,2435,1618,45840,56870,65810,64410,77040,90200,86210,101600,115500,1,1,1,1,1,1
0,16,A,000,S,12,17410,15630,9714,21410,28310,32680,31010,40510,46680,44480,57580,66860,1,1,1,1,1,1
0,16,A,000,S,13,19290,15560,9125,24770,31970,35140,35730,44550,48950,50410,61170,66820,1,1,1,1,1,1
0,16,A,000,S,15,2093,1528,815.5,24850,34230,39700,39480,53050,59830,63480,75690,84480,1,1,1,1,1,1
0,16,A,000,S,16,1316,1132,682,20060,24890,29020,27690,35360,41410,36930,47870,56180,1,1,1,1,1,1
0,16,A,000,S,17,6602,6464,3840,20860,28880,37380,30620,43370,54210,45090,61230,76070,1,1,1,1,1,1
0,16,A,000,S,18,5061,4033,2393,21990,27890,32680,31370,39890,46500,42870,54680,64630,1,1,1,1,1,1
0,16,A,000,S,19,2241,1900,1117,21500,26870,32620,30520,39550,46040,41740,52910,60950,1,1,1,1,1,1
0,16,A,000,S,20,5394,3693,1979,23230,30610,35210,32950,42430,48290,44970,56700,65720,1,1,1,1,1,1
0,16,A,000,S,21,7736,6139,3462,25570,33600,36660,36790,46390,50940,50930,61080,66800,1,1,1,1,1,1
0,16,A,000,S,22,4932,3945,2312,22370,29570,34900,32990,44050,50080,47200,61290,71380,1,1,1,1,1,1
0,16,A,000,S,23,1155,1003,616,19840,24500,30620,27220,34980,41710,36180,45900,57410,1,1,1,1,1,1
0,16,A,000,S,24,8160,6708,4033,31760,42610,49070,50700,64730,73060,78580,94100,101400,1,1,1,1,1,1
0,16,A,000,S,25,912.5,1317,1404,22830,33610,40220,33360,49830,59780,51030,70530,85420,1,1,1,1,1,1
0,16,A,000,S,26,5346,4547,2845,20670,27340,33490,29780,41260,48410,42720,58200,71090,1,1,1,1,1,1
0,16,A,000,S,27,2515,2287,1283,21380,28280,35490,30990,40810,49550,42480,55950,66590,1,1,1,1,1,1
0,16,A,000,S,28,1431,1600,958,21270,26570,29190,31240,37940,42240,44500,52730,59030,1,1,1,1,1,1
0,16,A,000,S,29,6728,5357,3032,22040,28250,32340,31270,39900,46110,44330,56270,64340,1,1,1,1,1,1
0,16,A,000,S,30,1016,909,560.5,19080,24830,29310,26210,35870,41650,36090,52100,61490,1,1,1,1,1,1
0,16,A,000,S,31,1865,1358,744,21610,27440,30590,30010,38390,43590,39980,51750,57910,1,1,1,1,1,1
0,16,A,000,S,32,3040,2527,1440,22880,30580,33820,32620,43450,50950,47800,65160,73980,1,1,1,1,1,1
0,16,A,000,S,33,786.5,795,457.5,21930,29190,37450,31140,42550,51100,41300,57510,67160,1,1,1,1,1,1
0,16,A,000,S,34,3271,2994,1781,22640,33170,38840,34620,50080,58830,52250,69400,84690,1,1,1,1,1,1
0,16,A,000,S,35,2257,1931,1198,22360,29830,37270,33740,43870,53110,49390,63100,73480,1,1,1,1,1,1
0,16,A,000,S,36,8855,8674,5419,21270,29920,37780,31160,44790,54650,45310,63870,81850,1,1,1,1,1,1
0,16,A,000,S,37,14540,11630,6749,24340,31540,35130,36250,44520,48410,52640,62370,67990,1,1,1,1,1,1
0,16,A,000,S,38,906.5,766,507.5,23160,30520,41120,37370,47360,57150,60980,73750,88250,1,1,1,1,1,1
0,16,A,000,S,39,7765,6627,3951,20690,26810,32850,29350,38650,46200,40700,52940,63870,1,1,1,1,1,1
0,16,A,000,S,40,6412,4991,2866,22180,28290,33780,31230,40420,46910,44590,55800,64160,1,1,1,1,1,1
0,16,A,000,S,41,2745,2521,1565,20740,27070,32090,29850,39750,47980,41980,55680,67260,1,1,1,1,1,1
0,16,A,000,S,42,7188,7339,4737,21850,29240,35480,31770,42970,51170,44900,57770,68780,1,1,1,1,1,1
0,16,A,000,S,44,426,344,203,19960,27800,35780,28020,39070,48820,41610,52530,67260,1,1,1,1,1,1
0,16,A,000,S,45,6029,5043,3042,23280,29030,32620,32700,40980,44660,44710,55810,61020,1,1,1,1,1,1
0,16,A,000,S,46,675,596.5,347,19730,25550,27940,27140,35050,40110,36130,45320,53310,1,1,1,1,1,1
0,16,A,000,S,47,8569,6378,3598,22120,28740,32840,31680,40950,46750,43870,56440,63280,1,1,1,1,1,1
0,16,A,000,S,48,46730,36390,20900,24210,33080,38790,35950,47350,55020,52310,66560,77390,1,1,1,1,1,1
0,16,A,000,S,49,1810,1414,804.5,22000,28510,34000,30780,42090,50370,43770,59620,70420,1,1,1,1,1,1
0,16,A,000,S,50,390,332,223,22260,27110,33670,31480,43240,49050,41530,55700,72230,1,1,1,1,1,1
0,16,A,000,S,51,20230,16560,9259,33670,42620,46690,55860,68220,73210,89430,103700,109600,1,1,1,1,1,1
0,16,A,000,S,53,11690,8824,5155,24220,34540,40610,36140,49780,57720,51400,67850,78910,1,1,1,1,1,1
0,16,A,000,S,54,1340,1351,912,20680,26200,31880,29310,39460,47100,42350,56130,65980,1,1,1,1,1,1
0,16,A,000,S,55,3676,3252,1778,20700,27510,33000,29370,38670,45890,40130,51820,60740,1,1,1,1,1,1
0,16,A,000,S,56,970,761.5,492,26440,31790,40180,40970,48500,55970,57620,73220,78370,1,1,1,1,1,1
0,16,2,10X,N,00,87590,73730,43830,21720,29320,35020,31390,42570,50430,44950,60190,71850,1,1,1,1,1,1
0,16,2,10X,S,01,1490,1231,777,22760,29360,34210,32640,41710,47190,46700,59120,70180,1,1,1,1,1,1
0,16,2,10X,S,02,936,597,325,28890,36380,41340,41060,54350,62180,58590,74590,86770,1,1,1,1,1,1
0,16,2,10X,S,04,1877,1913,1139,20830,28680,34820,30010,42250,50000,44040,60780,72720,1,1,1,1,1,1
0,16,2,10X,S,05,676,668,403,19500,24990,28340,26900,36100,40910,36830,49210,55320,1,1,1,1,1,1
0,16,2,10X,S,06,6068,5902,3472,20930,29850,37720,30180,44370,57050,43780,65730,83410,1,1,1,1,1,1
0,16,2,10X,S,08,2835,2100,1148,22250,30470,34610,32770,43310,52420,45900,60090,72920,1,1,1,1,1,1
0,16,2,10X,S,09,440,412,225,20590,31150,43330,29890,44480,59320,43370,60050,79330,1,1,1,1,1,1
0,16,2,10X,S,10,163,140,77,20500,26440,29150,33310,44000,50870,50740,61870,75210,1,1,1,1,1,1
0,16,2,10X,S,11,180,336,219,31460,49240,51910,47480,66360,75340,66110,87560,97060,1,1,1,1,1,1
0,16,2,10X,S,12,4518,3980,2501,20230,26510,30270,28710,38970,44530,40610,54850,62700,1,1,1,1,1,1
0,16,2,10X,S,13,4388,3477,2025,24140,31330,33840,34360,42850,46550,46500,57140,62790,1,1,1,1,1,1
0,16,2,10X,S,15,413,318,170,21550,29200,38380,31720,45830,55950,48610,65100,76210,1,1,1,1,1,1
0,16,2,10X,S,16,497,434,250,19590,24410,25870,26230,34860,37710,34490,46460,52480,1,1,1,1,1,1
0,16,2,10X,S,17,2144,2086,1194,19850,27510,36750,28280,40630,52890,40290,58390,74220,1,1,1,1,1,1
0,16,2,10X,S,18,1874,1357,822,21220,27310,32380,29670,38900,45460,40500,52180,61570,1,1,1,1,1,1
0,16,2,10X,S,19,765,626,379,20950,25880,32360,28950,38230,44720,38660,51490,60780,1,1,1,1,1,1
0,16,2,10X,S,20,1658,1210,635,21940,29290,34640,30260,40340,46440,40450,53540,60940,1,1,1,1,1,1
0,16,2,10X,S,21,2256,1848,1084,23100,31570,35130,32980,43840,49720,45080,55730,65380,1,1,1,1,1,1
0,16,2,10X,S,22,1341,1053,605,22480,30720,37390,32800,45400,52120,46710,62090,73760,1,1,1,1,1,1
0,16,2,10X,S,23,419,348,213,18770,22680,29490,25470,33830,41190,35900,42960,55980,1,1,1,1,1,1
0,16,2,10X,S,24,1088,948,583,22940,33060,38090,34440,48390,58790,51290,69780,84210,1,1,1,1,1,1
0,16,2,10X,S,25,379,518,554,22890,33310,39060,33200,50530,59680,48580,69490,82140,1,1,1,1,1,1
0,16,2,10X,S,26,1851,1427,909,19320,26020,32370,27320,38240,46930,38160,54170,68260,1,1,1,1,1,1
0,16,2,10X,S,27,938,833,468,19480,26530,33360,28020,39470,47190,39790,53980,63110,1,1,1,1,1,1
0,16,2,10X,S,28,401,407,262,21230,25500,30090,29740,36780,41640,42540,49500,59290,1,1,1,1,1,1
0,16,2,10X,S,29,2103,1681,941,20950,26560,31490,29100,37410,44290,39590,53250,59950,1,1,1,1,1,1
0,16,2,10X,S,30,380,312,193,19130,23020,29290,25740,34930,41520,35750,52020,63130,1,1,1,1,1,1
0,16,2,10X,S,31,625,442,258,20710,26830,30940,28640,36780,44520,37940,48640,59180,1,1,1,1,1,1
0,16,2,10X,S,32,1087,852,457,21750,29130,32750,31180,42470,50780,45120,63150,75430,1,1,1,1,1,1
0,16,2,10X,S,33,303,285,137,20980,29040,38830,29470,41230,48960,40960,55610,68540,1,1,1,1,1,1
0,16,2,10X,S,34,941,869,525,20910,31860,40220,29800,47200,60970,42900,67390,87800,1,1,1,1,1,1
0,16,2,10X,S,35,784,652,402,21920,28830,37970,31520,41770,55120,47130,62230,75470,1,1,1,1,1,1
0,16,2,10X,S,36,2919,2898,1835,20290,29200,37040,29220,43630,54310,41940,63270,83330,1,1,1,1,1,1
0,16,2,10X,S,37,3650,2864,1665,23810,31240,35190,35460,44310,49650,53260,63840,69720,1,1,1,1,1,1
0,16,2,10X,S,38,348,271,187,21440,29570,40590,32760,46570,57430,59800,68030,85840,1,1,1,1,1,1
0,16,2,10X,S,39,2723,2286,1358,20430,26340,33340,28270,37280,45840,38240,51480,64120,1,1,1,1,1,1
0,16,2,10X,S,40,2414,1849,1091,22260,28290,33310,30910,41170,46780,44530,56800,64510,1,1,1,1,1,1
0,16,2,10X,S,41,902,856,536,19700,24960,31550,27500,37460,47290,39180,52620,64980,1,1,1,1,1,1
0,16,2,10X,S,42,2325,2341,1557,20550,27940,34740,29610,40610,49870,41330,54580,65950,1,1,1,1,1,1
0,16,2,10X,S,44,161,130,69,18280,27810,33280,26530,37240,46060,38570,50590,65880,1,1,1,1,1,1
0,16,2,10X,S,45,1459,1199,718,22990,28810,31190,31460,39940,43060,41470,52220,57440,1,1,1,1,1,1
0,16,2,10X,S,46,237,215,133,19510,28180,26080,27210,37240,41520,35330,45120,54060,1,1,1,1,1,1
0,16,2,10X,S,47,2592,1981,1172,21440,28370,33690,30360,40700,45870,42130,55680,61040,1,1,1,1,1,1
0,16,2,10X,S,48,12100,9452,5535,22690,31530,38390,32920,45430,54860,48090,63670,77020,1,1,1,1,1,1
0,16,2,10X,S,49,602,476,262,21690,27930,34150,29780,40180,47770,43500,55010,65880,1,1,1,1,1,1
0,16,2,10X,S,50,145,127,76,20330,24850,35430,30720,38830,48870,40440,49090,68780,1,1,1,1,1,1
0,16,2,10X,S,51,3478,2895,1601,28440,37760,41000,48350,61070,66000,93380,106000,107500,1,1,1,1,1,1
0,16,2,10X,S,53,3647,2725,1614,22530,33090,40530,33270,47900,56600,47520,66130,78520,1,1,1,1,1,1
0,16,2,10X,S,54,470,437,296,20260,24870,31570,28640,39070,47180,39560,53400,64490,1,1,1,1,1,1
0,16,2,10X,S,55,1265,1130,623,19810,27330,33190,27960,37780,44920,38630,50440,60270,1,1,1,1,1,1
0,16,2,10X,S,56,350,300,178,25910,30040,45600,38670,48650,61230,56410,72060,81090,1,1,1,1,1,1
0,16,2,11X,N,00,19340,16700,9918,25860,34210,39810,40560,51690,58970,64080,76150,84800,1,1,1,1,1,1
0,16,2,11X,S,01,580,484,248,29200,38020,44690,45320,57800,65010,66340,81710,88460,1,1,1,1,1,1
0,16,2,11X,S,02,170,107,63,28740,30760,44770,44640,53450,63700,63010,77090,83320,1,1,1,1,1,1
0,16,2,11X,S,04,618,612,353,29590,37120,43260,49210,61810,68730,72080,83050,88700,1,1,1,1,1,1
0,16,2,11X,S,05,119,120,82,19270,21320,33350,29020,34610,47600,40300,48120,66580,1,1,1,1,1,1
0,16,2,11X,S,06,1014,1016,608,25400,36310,45770,38810,55300,66680,59640,77750,90900,1,1,1,1,1,1
0,16,2,11X,S,08,781,584,307,31420,44150,46900,53950,67340,69750,80900,94680,94320,1,1,1,1,1,1
0,16,2,11X,S,09,57,57,,24260,32300,,32900,48680,,52390,68230,,1,1,5,1,1,5
0,16,2,11X,S,10,,,,,,,,,,,,,5,5,5,5,5,5
0,16,2,11X,S,11,125,152,108,57720,64110,76430,74730,88430,103200,100300,107400,129800,1,1,1,1,1,1
0,16,2,11X,S,12,1156,1098,683,22930,29950,33840,34410,41900,48900,50630,60290,71020,1,1,1,1,1,1
0,16,2,11X,S,13,1579,1198,677,27990,34810,39880,43000,51510,56770,65130,69700,77010,1,1,1,1,1,1
0,16,2,11X,S,15,168,133,63,27930,50140,41610,51720,73810,75780,79380,96020,92170,1,1,1,1,1,1
0,16,2,11X,S,16,65,51,,21770,31770,,28110,42090,,37120,61870,,1,1,5,1,1,5
0,16,2,11X,S,17,326,340,221,24500,34860,43430,38600,50270,61140,56490,71930,78870,1,1,1,1,1,1
0,16,2,11X,S,18,229,197,124,22180,27350,35290,31980,37820,48530,48050,58010,64940,1,1,1,1,1,1
0,16,2,11X,S,19,108,81,,25760,25370,,34860,42570,,46060,60100,,1,1,5,1,1,5
0,16,2,11X,S,20,256,175,102,24820,32060,36840,35660,48290,58430,52970,66170,80870,1,1,1,1,1,1
0,16,2,11X,S,21,303,235,124,25470,33290,40180,36210,47510,51770,55030,67400,69050,1,1,1,1,1,1
0,16,2,11X,S,22,321,259,153,25330,31410,38830,38620,46490,52970,56500,66360,74790,1,1,1,1,1,1
0,16,2,11X,S,23,53,55,,22710,21490,,30500,41380,,37840,58330,,1,1,5,1,1,5
0,16,2,11X,S,24,751,606,379,46590,57440,64300,70830,84390,92600,92440,113100,120400,1,1,1,1,1,1
0,16,2,11X,S,25,,,80,,,46060,,,65480,,,94070,5,5,1,5,5,1
0,16,2,11X,S,26,275,256,145,21540,30620,31180,32490,44260,50090,47410,62420,73610,1,1,1,1,1,1
0,16,2,11X,S,27,142,111,68,24950,29030,38380,37030,48290,54280,54350,64660,73250,1,1,1,1,1,1
0,16,2,11X,S,28,87,102,56,20350,27370,26440,29220,40660,46750,45030,58680,56190,1,1,1,1,1,1
0,16,2,11X,S,29,289,257,135,22000,28650,32970,31090,40740,43050,43680,57200,61560,1,1,1,1,1,1
0,16,2,11X,S,30,54,50,,19090,23880,,25680,34860,,35720,62350,,1,1,5,1,1,5
0,16,2,11X,S,31,80,88,,21970,27400,,30900,39150,,38380,51490,,1,1,5,1,1,5
0,16,2,11X,S,32,174,163,97,25780,29260,35940,36050,42670,50780,54560,69380,69120,1,1,1,1,1,1
0,16,2,11X,S,33,60,54,,26010,40660,,38380,52620,,54280,81830,,1,1,5,1,1,5
0,16,2,11X,S,34,246,186,88,32510,37350,47090,51800,57260,69140,85410,89060,103000,1,1,1,1,1,1
0,16,2,11X,S,35,149,149,98,23130,34690,37480,39920,51490,55400,66820,72330,76560,1,1,1,1,1,1
0,16,2,11X,S,36,474,491,311,23760,31860,38680,36470,48040,56290,56430,69940,80710,1,1,1,1,1,1
0,16,2,11X,S,37,957,747,428,25470,34540,37210,39570,49790,54440,59390,69580,76480,1,1,1,1,1,1
0,16,2,11X,S,38,,,,,,,,,,,,,5,5,5,5,5,5
0,16,2,11X,S,39,388,358,211,20260,26730,33040,30550,39910,46770,43530,55850,61090,1,1,1,1,1,1
0,16,2,11X,S,40,365,313,174,22820,29490,37260,34730,44630,52020,50540,64210,69260,1,1,1,1,1,1
0,16,2,11X,S,41,168,159,99,21640,31370,32860,33710,48870,49080,58130,65590,71280,1,1,1,1,1,1
0,16,2,11X,S,42,473,472,290,24240,32050,39020,37620,47450,53330,55910,66190,78730,1,1,1,1,1,1
0,16,2,11X,S,44,,,,,,,,,,,,,5,5,5,5,5,5
0,16,2,11X,S,45,345,310,187,22380,29850,32860,32400,42730,49040,46140,66270,65210,1,1,1,1,1,1
0,16,2,11X,S,46,,,,,,,,,,,,,5,5,5,5,5,5
0,16,2,11X,S,47,448,332,179,22120,28830,32750,32200,42090,52720,46430,58000,65800,1,1,1,1,1,1
0,16,2,11X,S,48,2819,2335,1436,25560,35690,40320,39450,52030,58680,59700,73500,85130,1,1,1,1,1,1
0,16,2,11X,S,49,107,111,61,23230,30410,51490,31460,49990,64190,41990,71350,80200,1,1,1,1,1,1
0,16,2,11X,S,50,,,,,,,,,,,,,5,5,5,5,5,5
0,16,2,11X,S,51,1415,1219,674,42450,52990,59860,69910,83500,90860,98430,114100,124900,1,1,1,1,1,1
0,16,2,11X,S,53,590,474,286,26290,34640,42440,41290,52120,59780,61830,76790,87830,1,1,1,1,1,1
0,16,2,11X,S,54,62,58,61,20870,27070,33420,32300,44000,57930,56990,71840,89510,1,1,1,1,1,1
0,16,2,11X,S,55,163,154,96,21690,26830,34120,30980,38290,46400,43050,55120,64610,1,1,1,1,1,1
0,16,2,11X,S,56,57,,,34210,,,50370,,,74460,,,1,5,5,1,5,5
0,16,2,12X,N,00,37850,31680,18110,24760,33490,39920,39250,51590,60370,66860,79670,88730,1,1,1,1,1,1
0,16,2,12X,S,01,642,525,352,23780,35340,43330,36170,52340,68930,59870,75820,92540,1,1,1,1,1,1
0,16,2,12X,S,02,239,181,103,28060,41420,49990,41420,57200,66990,60960,78150,90200,1,1,1,1,1,1
0,16,2,12X,S,04,1655,1512,783,34170,40660,44500,58260,66030,71180,77060,84670,90810,1,1,1,1,1,1
0,16,2,12X,S,05,207,212,128,19310,25260,28350,27030,35570,43310,41070,49620,61870,1,1,1,1,1,1
0,16,2,12X,S,06,1997,1936,1118,21190,31410,43310,32190,49600,64800,52080,72170,92290,1,1,1,1,1,1
0,16,2,12X,S,08,1495,1174,630,25320,35030,45130,40010,53370,67970,63700,82520,95430,1,1,1,1,1,1
0,16,2,12X,S,09,143,123,72,21410,37930,44000,34210,47470,74600,48400,64660,94570,1,1,1,1,1,1
0,16,2,12X,S,10,,,,,,,,,,,,,5,5,5,5,5,5
0,16,2,12X,S,11,357,447,247,58170,67230,84090,79250,93400,105900,97520,115200,131800,1,1,1,1,1,1
0,16,2,12X,S,12,2175,1875,1069,23830,31670,35980,37260,47420,52730,66060,76460,81160,1,1,1,1,1,1
0,16,2,12X,S,13,2284,1747,972,27440,35290,38460,42220,51740,56500,66310,74960,77650,1,1,1,1,1,1
0,16,2,12X,S,15,306,214,135,29390,40660,43050,56370,71450,74990,84450,94260,100200,1,1,1,1,1,1
0,16,2,12X,S,16,129,147,81,20720,24090,29280,28330,32400,42890,37480,44120,57200,1,1,1,1,1,1
0,16,2,12X,S,17,680,690,439,20340,30770,38740,30600,46880,58010,48260,67250,82710,1,1,1,1,1,1
0,16,2,12X,S,18,527,439,265,21620,27380,34050,30680,38780,48590,42120,55170,65690,1,1,1,1,1,1
0,16,2,12X,S,19,238,225,109,20260,26210,31040,27600,38590,45600,37840,53290,69540,1,1,1,1,1,1
0,16,2,12X,S,20,523,355,200,23410,31020,38380,33820,43620,56620,46420,65630,76870,1,1,1,1,1,1
0,16,2,12X,S,21,770,584,352,24600,31850,37200,36170,45220,50710,48030,58880,65880,1,1,1,1,1,1
0,16,2,12X,S,22,488,408,243,22150,28830,37240,32870,43860,53940,49340,61870,76400,1,1,1,1,1,1
0,16,2,12X,S,23,144,111,72,18970,25590,32760,27550,34860,41610,35820,44650,54620,1,1,1,1,1,1
0,16,2,12X,S,24,1766,1295,687,46430,60420,61420,76430,92980,93910,100600,118100,122600,1,1,1,1,1,1
0,16,2,12X,S,25,129,205,183,22630,34240,43640,32980,54180,70200,55590,80200,98470,1,1,1,1,1,1
0,16,2,12X,S,26,561,517,306,20350,26790,34740,28780,40890,51120,41840,57770,76590,1,1,1,1,1,1
0,16,2,12X,S,27,302,280,140,21110,30590,37480,31250,43340,52620,42700,59780,74250,1,1,1,1,1,1
0,16,2,12X,S,28,117,137,84,20830,30200,31220,32350,41550,43240,43140,59980,63290,1,1,1,1,1,1
0,16,2,12X,S,29,578,499,312,21120,29900,33790,30480,39710,49080,45700,59940,72650,1,1,1,1,1,1
0,16,2,12X,S,30,93,87,55,17070,21310,30620,23180,31460,54180,32860,59040,71840,1,1,1,1,1,1
0,16,2,12X,S,31,213,173,98,20820,32000,31740,29030,43880,44000,39230,64570,61870,1,1,1,1,1,1
0,16,2,12X,S,32,374,292,150,23400,33140,37870,32460,48120,56080,48870,68640,79980,1,1,1,1,1,1
0,16,2,12X,S,33,106,101,63,24950,25690,34000,34510,37710,47090,45240,60100,66860,1,1,1,1,1,1
0,16,2,12X,S,34,382,335,170,25230,34050,42090,40680,56700,69870,69640,89240,105800,1,1,1,1,1,1
0,16,2,12X,S,35,233,221,136,23950,33490,41140,35120,49890,60460,56140,74390,83880,1,1,1,1,1,1
0,16,2,12X,S,36,933,949,569,21800,31280,41630,32210,45840,58620,47730,65460,87270,1,1,1,1,1,1
0,16,2,12X,S,37,1635,1266,695,26510,34160,38440,41760,51210,56540,66640,77790,80380,1,1,1,1,1,1
0,16,2,12X,S,38,92,104,59,25300,34610,48790,36580,55950,63950,57620,81670,88640,1,1,1,1,1,1
0,16,2,12X,S,39,894,762,441,20390,27670,32630,29400,41360,46840,43740,59140,68400,1,1,1,1,1,1
0,16,2,12X,S,40,703,518,293,21760,28720,33040,32610,42700,49070,50290,61040,65760,1,1,1,1,1,1
0,16,2,12X,S,41,381,344,217,19440,27170,31520,28060,39730,50140,39160,56510,69320,1,1,1,1,1,1
0,16,2,12X,S,42,824,870,535,21430,30040,39520,31210,44270,56320,45520,64860,76450,1,1,1,1,1,1
0,16,2,12X,S,44,65,,,18970,,,28110,,,37840,,,1,5,5,1,5,5
0,16,2,12X,S,45,493,419,225,22650,26200,34820,32140,39700,47750,46700,54910,63210,1,1,1,1,1,1
0,16,2,12X,S,46,74,70,,19120,21590,,26860,30900,,33000,42090,,1,1,5,1,1,5
0,16,2,12X,S,47,768,566,326,20940,28500,34430,30960,41080,51490,45430,56520,71350,1,1,1,1,1,1
0,16,2,12X,S,48,4782,3878,2280,24050,33710,40290,36910,50650,60570,56450,72370,84590,1,1,1,1,1,1
0,16,2,12X,S,49,211,156,105,21540,26180,29050,29900,38640,51490,42160,51120,75530,1,1,1,1,1,1
0,16,2,12X,S,50,59,58,,22360,33710,,32580,52620,,40500,64940,,1,1,5,1,1,5
0,16,2,12X,S,51,4100,2939,1495,55280,67620,65310,83110,97190,101600,109500,121700,134000,1,1,1,1,1,1
0,16,2,12X,S,53,1308,1026,622,23880,35230,42030,36260,52280,62510,53620,74950,84790,1,1,1,1,1,1
0,16,2,12X,S,54,159,160,79,19700,26440,37260,28110,37660,46920,46920,53620,60630,1,1,1,1,1,1
0,16,2,12X,S,55,390,382,215,19450,29200,31490,27890,39980,45620,39070,53870,61380,1,1,1,1,1,1
0,16,2,12X,S,56,114,76,55,29450,32300,34000,47090,54050,47430,75280,72820,70270,1,1,1,1,1,1
0,16,2,13X,N,00,12150,8609,2015,24880,33190,40560,36660,46550,56990,51660,63900,78670,1,1,1,1,1,1
0,16,2,13X,S,01,193,159,68,21370,33040,36580,33610,45030,54490,46770,60330,78560,1,1,1,1,1,1
0,16,2,13X,S,02,141,66,,26160,30120,,39690,50620,,51170,64390,,1,1,5,1,1,5
0,16,2,13X,S,04,243,182,,22100,31320,,31710,44380,,43820,61470,,1,1,5,1,1,5
0,16,2,13X,S,05,72,60,,19710,27280,,29780,35820,,44000,52620,,1,1,5,1,1,5
0,16,2,13X,S,06,552,517,103,22360,34030,47600,34710,49050,60460,51680,68000,85110,1,1,1,1,1,1
0,16,2,13X,S,08,402,244,,26810,30230,,37070,41920,,48660,58750,,1,1,5,1,1,5
0,16,2,13X,S,09,52,,,26440,,,35890,,,54620,,,1,5,5,1,5,5
0,16,2,13X,S,10,,,,,,,,,,,,,5,5,5,5,5,5
0,16,2,13X,S,11,178,79,,44690,49100,,58160,60740,,75210,80900,,1,1,5,1,1,5
0,16,2,13X,S,12,607,454,130,21490,30560,41800,30930,40950,56850,42180,54490,80810,1,1,1,1,1,1
0,16,2,13X,S,13,738,497,135,25470,34690,42530,35970,45920,58790,47910,61600,77910,1,1,1,1,1,1
0,16,2,13X,S,15,123,70,,31040,37180,,41210,53870,,54420,73320,,1,1,5,1,1,5
0,16,2,13X,S,16,,,,,,,,,,,,,5,5,5,5,5,5
0,16,2,13X,S,17,168,149,,18940,27380,,29780,44440,,47660,66380,,1,1,5,1,1,5
0,16,2,13X,S,18,154,121,,20460,24610,,29520,38050,,41870,48060,,1,1,5,1,1,5
0,16,2,13X,S,19,78,55,,22000,23880,,34860,42090,,51770,54490,,1,1,5,1,1,5
0,16,2,13X,S,20,188,121,,25760,33750,,37120,46830,,49540,58610,,1,1,5,1,1,5
0,16,2,13X,S,21,285,157,,27230,35380,,39520,47090,,50320,62750,,1,1,5,1,1,5
0,16,2,13X,S,22,162,138,,27340,32930,,37340,46470,,50370,62520,,1,1,5,1,1,5
0,16,2,13X,S,23,,,,,,,,,,,,,5,5,5,5,5,5
0,16,2,13X,S,24,425,314,83,34760,49050,47860,49370,64940,69320,67620,83250,89590,1,1,1,1,1,1
0,16,2,13X,S,25,55,66,,22840,32720,,36840,50370,,52930,75380,,1,1,5,1,1,5
0,16,2,13X,S,26,135,128,,20650,28950,,33290,40180,,43170,54280,,1,1,5,1,1,5
0,16,2,13X,S,27,84,64,,19950,31120,,32300,42730,,43050,63290,,1,1,5,1,1,5
0,16,2,13X,S,28,65,,,24870,,,33420,,,47090,,,1,5,5,1,5,5
0,16,2,13X,S,29,242,179,,23090,32050,,32630,42090,,43440,55920,,1,1,5,1,1,5
0,16,2,13X,S,30,,,,,,,,,,,,,5,5,5,5,5,5
0,16,2,13X,S,31,72,,,25760,,,33630,,,42730,,,1,5,5,1,5,5
0,16,2,13X,S,32,79,58,,24520,27690,,34340,42090,,48400,55530,,1,1,5,1,1,5
0,16,2,13X,S,33,,,,,,,,,,,,,5,5,5,5,5,5
0,16,2,13X,S,34,71,59,,24300,37030,,38080,56990,,51770,72430,,1,1,5,1,1,5
0,16,2,13X,S,35,85,53,,21290,32300,,34860,44690,,46270,62580,,1,1,5,1,1,5
0,16,2,13X,S,36,275,230,67,23700,32490,38830,32700,45080,55120,49680,65150,74140,1,1,1,1,1,1
0,16,2,13X,S,37,522,367,85,24490,33340,40420,36910,43960,58680,51320,58170,77460,1,1,1,1,1,1
0,16,2,13X,S,38,,,,,,,,,,,,,5,5,5,5,5,5
0,16,2,13X,S,39,235,190,,21470,26330,,29220,40610,,39760,52760,,1,1,5,1,1,5
0,16,2,13X,S,40,188,121,,21660,27040,,30960,38710,,43620,54830,,1,1,5,1,1,5
0,16,2,13X,S,41,110,100,,19490,30900,,32220,40180,,42940,66110,,1,1,5,1,1,5
0,16,2,13X,S,42,171,177,55,23940,31360,37930,32550,45030,55120,47640,60170,78560,1,1,1,1,1,1
0,16,2,13X,S,44,,,,,,,,,,,,,5,5,5,5,5,5
0,16,2,13X,S,45,230,160,56,25060,30500,38380,35720,41060,51120,46300,55740,68560,1,1,1,1,1,1
0,16,2,13X,S,46,,,,,,,,,,,,,5,5,5,5,5,5
0,16,2,13X,S,47,307,200,53,23300,27960,29280,33630,39670,47600,42960,51910,70720,1,1,1,1,1,1
0,16,2,13X,S,48,2917,1848,345,28050,36610,41380,40230,50530,57730,56170,66760,78530,1,1,1,1,1,1
0,16,2,13X,S,49,88,,,23360,,,31460,,,43530,,,1,5,5,1,5,5
0,16,2,13X,S,50,,,,,,,,,,,,,5,5,5,5,5,5
0,16,2,13X,S,51,505,382,115,29120,38050,53090,43650,56250,70200,67780,78240,96450,1,1,1,1,1,1
0,16,2,13X,S,53,592,373,61,26960,36350,34570,39150,49290,58190,53750,67860,78970,1,1,1,1,1,1
0,16,2,13X,S,54,,,,,,,,,,,,,5,5,5,5,5,5
0,16,2,13X,S,55,100,78,,22020,29220,,31220,41030,,39780,58190,,1,1,5,1,1,5
0,16,2,13X,S,56,,,,,,,,,,,,,5,5,5,5,5,5
0,16,2,14X,N,00,5971,5697,3924,24900,32020,37950,38230,47880,55820,57070,69650,81020,1,1,1,1,1,1
0,16,2,14X,S,01,222,189,145,28880,39280,45800,43050,55870,66910,63700,74020,89460,1,1,1,1,1,1
0,16,2,14X,S,02,64,54,,33140,40820,,48760,50690,,63290,70530,,1,1,5,1,1,5
0,16,2,14X,S,04,100,162,114,30090,30120,41140,40730,46810,56080,55950,64470,77420,1,1,1,1,1,1
0,16,2,14X,S,05,,52,,,37300,,,49240,,,64390,,5,1,5,5,1,5
0,16,2,14X,S,06,349,360,256,24510,29300,40500,38670,48940,61670,55060,70920,86090,1,1,1,1,1,1
0,16,2,14X,S,08,189,136,95,26660,33520,45030,36710,47000,59580,52050,69210,84190,1,1,1,1,1,1
0,16,2,14X,S,09,,,,,,,,,,,,,5,5,5,5,5,5
0,16,2,14X,S,10,,,,,,,,,,,,,5,5,5,5,5,5
0,16,2,14X,S,11,57,106,84,54870,66250,69870,71180,83880,96240,93840,101300,119700,1,1,1,1,1,1
0,16,2,14X,S,12,385,355,243,23930,32240,34950,35840,45820,50840,56990,66300,74950,1,1,1,1,1,1
0,16,2,14X,S,13,298,284,187,23990,33290,37100,36280,45180,52810,47280,60630,67510,1,1,1,1,1,1
0,16,2,14X,S,15,53,,,26720,,,41140,,,75780,,,1,5,5,1,5,5
0,16,2,14X,S,16,,,,,,,,,,,,,5,5,5,5,5,5
0,16,2,14X,S,17,106,99,88,20260,29180,37180,35890,47350,57620,52340,63570,77750,1,1,1,1,1,1
0,16,2,14X,S,18,54,67,51,19570,24200,36370,27660,36290,49990,33570,47680,73410,1,1,1,1,1,1
0,16,2,14X,S,19,,,,,,,,,,,,,5,5,5,5,5,5
0,16,2,14X,S,20,77,64,,23560,28670,,36810,39150,,50740,54620,,1,1,5,1,1,5
0,16,2,14X,S,21,95,104,66,23880,29780,32130,32130,42640,45370,45290,57620,58560,1,1,1,1,1,1
0,16,2,14X,S,22,77,62,,20720,37350,,30980,46750,,40030,63760,,1,1,5,1,1,5
0,16,2,14X,S,23,,,,,,,,,,,,,5,5,5,5,5,5
0,16,2,14X,S,24,249,220,144,33700,42090,51490,51770,66060,71620,81200,90160,94380,1,1,1,1,1,1
0,16,2,14X,S,25,,,,,,,,,,,,,5,5,5,5,5,5
0,16,2,14X,S,26,93,79,67,19080,25590,31740,31460,38380,43730,52240,63700,74790,1,1,1,1,1,1
0,16,2,14X,S,27,,,,,,,,,,,,,5,5,5,5,5,5
0,16,2,14X,S,28,,,,,,,,,,,,,5,5,5,5,5,5
0,16,2,14X,S,29,158,144,93,28320,37610,45850,41770,54120,66580,63780,72680,89080,1,1,1,1,1,1
0,16,2,14X,S,30,,,,,,,,,,,,,5,5,5,5,5,5
0,16,2,14X,S,31,,,,,,,,,,,,,5,5,5,5,5,5
0,16,2,14X,S,32,,,,,,,,,,,,,5,5,5,5,5,5
0,16,2,14X,S,33,,,,,,,,,,,,,5,5,5,5,5,5
0,16,2,14X,S,34,64,73,60,19750,37480,41270,36580,53240,52620,55120,68230,87560,1,1,1,1,1,1
0,16,2,14X,S,35,,62,,,24730,,,44000,,,75380,,5,1,5,5,1,5
0,16,2,14X,S,36,166,203,136,21490,27660,35820,31740,45690,56120,48440,65880,83030,1,1,1,1,1,1
0,16,2,14X,S,37,288,265,188,26200,29860,34860,38080,43670,47390,51000,59140,64750,1,1,1,1,1,1
0,16,2,14X,S,38,,,,,,,,,,,,,5,5,5,5,5,5
0,16,2,14X,S,39,123,113,82,20180,28640,32300,29930,40370,49240,41730,54990,69210,1,1,1,1,1,1
0,16,2,14X,S,40,128,97,70,23420,28220,32300,30980,38620,46350,44000,53030,69050,1,1,1,1,1,1
0,16,2,14X,S,41,59,,,19200,,,34570,,,44350,,,1,5,5,1,5,5
0,16,2,14X,S,42,129,149,108,20760,29070,37660,32860,41900,54620,43740,58090,69320,1,1,1,1,1,1
0,16,2,14X,S,44,,,,,,,,,,,,,5,5,5,5,5,5
0,16,2,14X,S,45,102,114,86,23140,29950,31880,31220,44000,46570,44410,58190,58330,1,1,1,1,1,1
0,16,2,14X,S,46,,,,,,,,,,,,,5,5,5,5,5,5
0,16,2,14X,S,47,138,114,72,23180,25930,33140,34700,39460,48870,52340,56010,67990,1,1,1,1,1,1
0,16,2,14X,S,48,673,647,468,23250,29950,39240,33480,44240,56190,50410,62660,78520,1,1,1,1,1,1
0,16,2,14X,S,49,52,,,27400,,,36580,,,57620,,,1,5,5,1,5,5
0,16,2,14X,S,50,,,,,,,,,,,,,5,5,5,5,5,5
0,16,2,14X,S,51,748,585,325,37280,45880,49590,58040,72180,83270,90810,106600,114100,1,1,1,1,1,1
0,16,2,14X,S,53,180,182,130,24050,32540,37580,37350,48330,57620,52620,62840,83540,1,1,1,1,1,1
0,16,2,14X,S,54,,,,,,,,,,,,,5,5,5,5,5,5
0,16,2,14X,S,55,65,62,,23140,25590,,30710,39580,,40030,53030,,1,1,5,1,1,5
0,16,2,14X,S,56,,,,,,,,,,,,,5,5,5,5,5,5
0,16,2,15X,N,00,46280,40530,24000,25040,32850,37310,37330,47250,53470,55100,68150,77350,1,1,1,1,1,1
0,16,2,15X,S,01,1245,1198,747,25690,33470,38990,38730,48510,56140,57430,70720,79770,1,1,1,1,1,1
0,16,2,15X,S,02,403,262,130,29050,36390,41000,42460,53240,62160,57890,70330,81600,1,1,1,1,1,1
0,16,2,15X,S,04,840,820,500,25300,33680,37030,36700,47200,52460,51070,66450,79380,1,1,1,1,1,1
0,16,2,15X,S,05,223,253,150,19300,25510,29320,27320,39140,41770,42210,55530,56120,1,1,1,1,1,1
0,16,2,15X,S,06,2149,2145,1294,22810,31500,37480,34120,45620,55490,49580,64900,78650,1,1,1,1,1,1
0,16,2,15X,S,08,1261,937,480,26810,35270,37950,38850,50030,54680,56410,72920,81020,1,1,1,1,1,1
0,16,2,15X,S,09,129,130,93,21470,26580,37140,36370,43460,52370,50230,65120,77460,1,1,1,1,1,1
0,16,2,15X,S,10,76,70,51,23590,28110,33650,31040,41820,45240,49920,55670,59040,1,1,1,1,1,1
0,16,2,15X,S,11,503,656,461,46630,57100,70390,65160,78760,95420,85110,104100,116400,1,1,1,1,1,1
0,16,2,15X,S,12,2989,2824,1786,22430,29180,32540,32200,40530,46610,45170,57290,66920,1,1,1,1,1,1
0,16,2,15X,S,13,3570,3169,1910,24580,32770,35840,35700,45380,49740,50450,61910,67940,1,1,1,1,1,1
0,16,2,15X,S,15,401,275,146,28560,38920,41380,43890,55120,56990,71700,78800,81730,1,1,1,1,1,1
0,16,2,15X,S,16,100,91,52,21180,26320,31460,28300,36940,40820,38120,46320,52620,1,1,1,1,1,1
0,16,2,15X,S,17,818,805,453,23690,31930,40350,36170,47510,57170,54690,69830,80880,1,1,1,1,1,1
0,16,2,15X,S,18,606,555,328,24780,30670,36820,36250,46020,53500,51730,65620,78040,1,1,1,1,1,1
0,16,2,15X,S,19,218,207,118,21510,27880,29640,31900,41040,49240,44520,56040,63950,1,1,1,1,1,1
0,16,2,15X,S,20,672,478,267,25690,32150,36520,35650,43800,52440,49210,61690,73150,1,1,1,1,1,1
0,16,2,15X,S,21,1389,1148,564,29920,38010,40930,42950,52860,55950,56400,67730,73940,1,1,1,1,1,1
0,16,2,15X,S,22,727,627,356,21300,27560,32260,31940,40830,44980,45400,58240,64390,1,1,1,1,1,1
0,16,2,15X,S,23,66,64,53,20440,26440,31670,25300,39280,44880,34860,47740,66910,1,1,1,1,1,1
0,16,2,15X,S,24,1580,1350,853,33990,44210,52910,52570,66170,76100,80630,95260,105200,1,1,1,1,1,1
0,16,2,15X,S,25,98,145,140,23750,36660,36940,34860,49080,57620,51650,67330,85110,1,1,1,1,1,1
0,16,2,15X,S,26,523,503,336,23670,28970,37240,36110,46880,51750,53020,69730,80810,1,1,1,1,1,1
0,16,2,15X,S,27,246,184,113,23290,33900,39840,33900,44520,52050,46530,60200,67730,1,1,1,1,1,1
0,16,2,15X,S,28,219,271,158,21030,25240,26340,32050,37060,42300,45550,51410,59640,1,1,1,1,1,1
0,16,2,15X,S,29,810,629,381,23910,29520,34700,34560,41790,47600,50710,59950,66970,1,1,1,1,1,1
0,16,2,15X,S,30,80,53,50,19340,25800,27630,29780,36810,41140,42090,45200,60460,1,1,1,1,1,1
0,16,2,15X,S,31,150,123,70,22710,25910,29590,33670,41770,40820,47090,59390,56550,1,1,1,1,1,1
0,16,2,15X,S,32,330,292,182,22970,27180,29930,32990,39610,43620,48260,57900,66250,1,1,1,1,1,1
0,16,2,15X,S,33,,69,,,35290,,,45240,,,61870,,5,1,5,5,1,5
0,16,2,15X,S,34,518,503,282,24260,32620,39630,37530,49860,56370,55600,69210,82080,1,1,1,1,1,1
0,16,2,15X,S,35,245,212,130,22450,28830,36720,34110,44200,47430,48940,59170,62980,1,1,1,1,1,1
0,16,2,15X,S,36,1161,1219,787,21760,29680,36860,32430,46150,52180,47020,64320,80600,1,1,1,1,1,1
0,16,2,15X,S,37,2862,2349,1348,25370,33370,36090,37700,45230,48450,52940,62770,67810,1,1,1,1,1,1
0,16,2,15X,S,38,,,,,,,,,,,,,5,5,5,5,5,5
0,16,2,15X,S,39,792,760,449,22020,27210,31430,31780,39660,46180,44000,54600,61920,1,1,1,1,1,1
0,16,2,15X,S,40,772,614,354,22700,28740,33600,31460,40300,44930,43840,54690,61650,1,1,1,1,1,1
0,16,2,15X,S,41,226,227,147,21430,27850,29320,30790,40050,46060,43410,55180,62820,1,1,1,1,1,1
0,16,2,15X,S,42,746,820,521,23530,29080,32450,34600,43590,50050,47540,60630,69030,1,1,1,1,1,1
0,16,2,15X,S,44,,,,,,,,,,,,,5,5,5,5,5,5
0,16,2,15X,S,45,1407,1228,719,23910,30220,33980,33690,42650,46610,47670,60460,66130,1,1,1,1,1,1
0,16,2,15X,S,46,,,,,,,,,,,,,5,5,5,5,5,5
0,16,2,15X,S,47,1169,924,538,22780,29780,33300,33080,40780,47680,45710,57340,64510,1,1,1,1,1,1
0,16,2,15X,S,48,7186,5774,3336,24550,32850,38450,36200,46340,53130,52620,65840,73880,1,1,1,1,1,1
0,16,2,15X,S,49,169,130,69,20190,31830,31600,29870,46060,46060,41140,63530,64940,1,1,1,1,1,1
0,16,2,15X,S,50,,,,,,,,,,,,,5,5,5,5,5,5
0,16,2,15X,S,51,4426,3736,2106,36870,46380,50040,60020,72440,77680,88780,104700,110700,1,1,1,1,1,1
0,16,2,15X,S,53,1479,1115,602,26250,36670,39140,38450,50140,55010,52890,66380,75680,1,1,1,1,1,1
0,16,2,15X,S,54,110,117,92,21310,25270,29780,33830,39100,46940,47600,68230,75780,1,1,1,1,1,1
0,16,2,15X,S,55,358,295,170,22340,28150,34950,32440,39600,47030,44470,52950,68040,1,1,1,1,1,1
0,16,2,15X,S,56,59,,,24620,,,36010,,,52930,,,1,5,5,1,5,5
0,16,2,16X,N,00,49900,41440,25880,24560,32070,36860,36290,46670,52600,52170,64510,72740,1,1,1,1,1,1
0,16,2,16X,S,01,1453,1340,735,29190,37830,41390,47510,60100,63360,68120,81160,85130,1,1,1,1,1,1
0,16,2,16X,S,02,419,276,146,27490,37060,43180,41140,53450,64940,60800,73430,86430,1,1,1,1,1,1
0,16,2,16X,S,04,988,1095,605,22460,30600,39420,34730,46210,55820,50820,62580,71890,1,1,1,1,1,1
0,16,2,16X,S,05,339,364,259,20400,24810,29010,28300,36120,41660,39680,49200,57720,1,1,1,1,1,1
0,16,2,16X,S,06,2732,2523,1586,22910,32500,40420,34050,48710,59230,50680,66830,81900,1,1,1,1,1,1
0,16,2,16X,S,08,1683,1151,690,25460,32530,39250,36390,46640,53790,48330,64450,77160,1,1,1,1,1,1
0,16,2,16X,S,09,220,216,123,23660,34200,45420,37480,51210,61520,55620,69370,85110,1,1,1,1,1,1
0,16,2,16X,S,10,94,97,65,24050,29530,34000,38020,45030,53450,53450,58860,72630,1,1,1,1,1,1
0,16,2,16X,S,11,122,184,153,41850,49470,59040,55350,68410,75780,70950,89420,103000,1,1,1,1,1,1
0,16,2,16X,S,12,2529,2308,1522,22050,28730,34040,31650,40790,47520,43770,57060,66140,1,1,1,1,1,1
0,16,2,16X,S,13,3084,2376,1442,25870,32610,36220,37110,45690,49350,51540,62350,66290,1,1,1,1,1,1
0,16,2,16X,S,15,300,222,143,25890,32800,36440,43120,49500,50780,61700,68870,75340,1,1,1,1,1,1
0,16,2,16X,S,16,242,203,133,20400,24790,30420,28950,36810,47240,40070,53780,62580,1,1,1,1,1,1
0,16,2,16X,S,17,1132,1078,708,21410,29750,36680,30960,43010,51540,45690,59330,72500,1,1,1,1,1,1
0,16,2,16X,S,18,782,589,377,23910,29200,31500,33440,40220,45530,44690,54950,63010,1,1,1,1,1,1
0,16,2,16X,S,19,394,331,225,23680,30980,34360,34170,41230,46280,44600,52220,59450,1,1,1,1,1,1
0,16,2,16X,S,20,943,590,332,24860,32160,34120,35110,44440,47710,47090,57700,66280,1,1,1,1,1,1
0,16,2,16X,S,21,1551,1175,692,30300,37190,38240,44170,51590,52550,61450,67330,67260,1,1,1,1,1,1
0,16,2,16X,S,22,806,658,413,24900,31000,35370,36400,47560,52880,52670,65460,72520,1,1,1,1,1,1
0,16,2,16X,S,23,216,199,125,22440,27180,32820,29430,35910,44770,36440,47940,58450,1,1,1,1,1,1
0,16,2,16X,S,24,1242,1043,678,30590,40320,47390,46200,59340,68440,63670,79410,90070,1,1,1,1,1,1
0,16,2,16X,S,25,88,142,203,23020,31760,40630,35720,50370,57150,53450,67570,81710,1,1,1,1,1,1
0,16,2,16X,S,26,982,871,549,22150,29320,34350,32870,44040,49490,47980,62650,73440,1,1,1,1,1,1
0,16,2,16X,S,27,379,387,233,23390,29360,36120,32990,40640,50370,45460,55650,66650,1,1,1,1,1,1
0,16,2,16X,S,28,230,287,168,24890,28630,32760,37010,40560,47600,55870,57140,65760,1,1,1,1,1,1
0,16,2,16X,S,29,986,821,513,22740,26900,31020,31180,38920,43270,43700,52710,59460,1,1,1,1,1,1
0,16,2,16X,S,30,182,194,116,19590,26340,32020,26780,34590,40610,35970,49520,57060,1,1,1,1,1,1
0,16,2,16X,S,31,330,233,136,23570,28790,29780,31460,39360,42090,41480,52110,56850,1,1,1,1,1,1
0,16,2,16X,S,32,424,375,226,23750,32120,33650,32350,46490,51420,48680,65550,69710,1,1,1,1,1,1
0,16,2,16X,S,33,112,124,87,23020,33520,37030,30530,44000,51650,36580,59980,63530,1,1,1,1,1,1
0,16,2,16X,S,34,459,436,302,23280,34570,38000,35110,50160,58250,55160,64230,77620,1,1,1,1,1,1
0,16,2,16X,S,35,344,300,185,23510,31460,35400,35930,45480,51570,50740,59320,69800,1,1,1,1,1,1
0,16,2,16X,S,36,1365,1287,828,21690,30320,38050,32560,45530,55000,47750,62860,78560,1,1,1,1,1,1
0,16,2,16X,S,37,2189,1698,1054,25650,31910,34750,37390,45840,47620,53020,61930,65470,1,1,1,1,1,1
0,16,2,16X,S,38,169,140,99,24680,34000,41300,37840,51120,58560,62280,72500,97320,1,1,1,1,1,1
0,16,2,16X,S,39,1191,945,657,21700,27970,33760,30980,39940,47340,43440,54130,63610,1,1,1,1,1,1
0,16,2,16X,S,40,917,745,434,22940,29640,34380,32340,40340,47550,44580,54650,62690,1,1,1,1,1,1
0,16,2,16X,S,41,502,431,285,22700,28240,33730,32800,40890,48040,44580,56060,68320,1,1,1,1,1,1
0,16,2,16X,S,42,1200,1183,810,22490,30540,36840,32720,45160,51990,47680,59020,69440,1,1,1,1,1,1
0,16,2,16X,S,44,,,,,,,,,,,,,5,5,5,5,5,5
0,16,2,16X,S,45,920,757,488,25440,30090,33400,35670,42170,46470,48060,56630,58540,1,1,1,1,1,1
0,16,2,16X,S,46,144,117,74,20570,24650,31460,27210,33440,44000,36840,44600,58090,1,1,1,1,1,1
0,16,2,16X,S,47,1526,1075,608,24340,31410,33450,35390,45760,48690,49260,61990,65060,1,1,1,1,1,1
0,16,2,16X,S,48,8557,6344,3795,26660,35690,39650,40170,50570,56240,57520,69330,77530,1,1,1,1,1,1
0,16,2,16X,S,49,316,245,151,23660,31380,36880,33310,46700,53450,47890,61480,74460,1,1,1,1,1,1
0,16,2,16X,S,50,64,,,23400,,,31220,,,45030,,,1,5,5,1,5,5
0,16,2,16X,S,51,2058,1817,1176,29190,38840,42200,44710,56270,62160,64890,81560,87970,1,1,1,1,1,1
0,16,2,16X,S,53,1816,1399,886,26510,36200,40960,40150,53440,59480,57320,69590,77140,1,1,1,1,1,1
0,16,2,16X,S,54,241,243,158,22100,27050,34240,29700,40050,47170,42010,56250,70570,1,1,1,1,1,1
0,16,2,16X,S,55,684,597,341,22050,27550,33340,31370,40600,47500,43070,54150,59210,1,1,1,1,1,1
0,16,2,16X,S,56,198,142,103,28420,36010,43050,41310,52170,54810,55870,80040,77970,1,1,1,1,1,1
0,16,2,17X,N,00,12910,11870,8383,22510,30690,36640,32630,43760,51190,45550,59860,71020,1,1,1,1,1,1
0,16,2,17X,S,01,249,212,155,20650,29220,36490,28820,41650,47430,41370,54620,67630,1,1,1,1,1,1
0,16,2,17X,S,02,137,91,65,22620,38560,42250,37980,52170,61590,55010,74630,94720,1,1,1,1,1,1
0,16,2,17X,S,04,210,234,166,21090,28110,35150,30580,39610,52240,38950,56010,70720,1,1,1,1,1,1
0,16,2,17X,S,05,103,96,70,22920,31790,32300,29470,39780,44830,37760,51970,63760,1,1,1,1,1,1
0,16,2,17X,S,06,738,730,536,22000,30950,39600,31820,47480,57280,47150,67140,86310,1,1,1,1,1,1
0,16,2,17X,S,08,375,327,229,24380,33820,40610,35030,45700,51740,45610,58890,70730,1,1,1,1,1,1
0,16,2,17X,S,09,,,,,,,,,,,,,5,5,5,5,5,5
0,16,2,17X,S,10,,,,,,,,,,,,,5,5,5,5,5,5
0,16,2,17X,S,11,97,135,82,39550,56370,52240,49690,69700,80690,62400,89020,101500,1,1,1,1,1,1
0,16,2,17X,S,12,696,678,519,20350,27460,33350,28970,39710,46320,39800,51940,66950,1,1,1,1,1,1
0,16,2,17X,S,13,825,765,551,23230,30400,34260,32530,41620,44390,42890,54670,59290,1,1,1,1,1,1
0,16,2,17X,S,15,131,106,59,20720,32930,38160,31740,47530,55120,44110,64390,78050,1,1,1,1,1,1
0,16,2,17X,S,16,56,,,23020,,,31120,,,44000,,,1,5,5,1,5,5
0,16,2,17X,S,17,314,339,218,22720,29290,36110,31380,43340,53280,44880,58890,74030,1,1,1,1,1,1
0,16,2,17X,S,18,199,195,113,20800,29460,35720,30470,44280,47090,40660,58680,67080,1,1,1,1,1,1
0,16,2,17X,S,19,115,94,50,21720,27370,38900,31180,38380,46940,43330,53450,55530,1,1,1,1,1,1
0,16,2,17X,S,20,177,145,99,21140,32600,33780,29900,43860,47890,41280,55260,62440,1,1,1,1,1,1
0,16,2,17X,S,21,255,206,147,22280,31600,33060,31550,42590,45130,43450,53210,58900,1,1,1,1,1,1
0,16,2,17X,S,22,193,180,133,21220,27050,32300,32130,41880,45890,45030,59750,62580,1,1,1,1,1,1
0,16,2,17X,S,23,65,51,,19570,27170,,26310,33570,,36040,43290,,1,1,5,1,1,5
0,16,2,17X,S,24,323,283,208,26000,36770,43120,40740,52710,62940,56320,68710,86630,1,1,1,1,1,1
0,16,2,17X,S,25,,76,71,,31790,37480,,51120,57260,,73810,90810,5,1,1,5,1,1
0,16,2,17X,S,26,242,180,135,21180,30120,35860,30130,42430,47640,41100,58750,62390,1,1,1,1,1,1
0,16,2,17X,S,27,105,97,68,23500,30300,38980,33350,42280,51870,43880,54320,67240,1,1,1,1,1,1
0,16,2,17X,S,28,72,73,,21070,29470,,27110,41330,,41140,49690,,1,1,5,1,1,5
0,16,2,17X,S,29,411,339,210,23680,29610,36070,34060,43010,52170,49490,59490,66060,1,1,1,1,1,1
0,16,2,17X,S,30,62,,,19540,,,28950,,,38380,,,1,5,5,1,5,5
0,16,2,17X,S,31,84,65,,22020,29150,,28350,38610,,36150,51490,,1,1,5,1,1,5
0,16,2,17X,S,32,148,142,106,23710,33280,37070,34860,47090,52620,50120,68040,70860,1,1,1,1,1,1
0,16,2,17X,S,33,,,,,,,,,,,,,5,5,5,5,5,5
0,16,2,17X,S,34,128,120,90,20570,30620,30790,30620,44690,55950,46060,57620,81430,1,1,1,1,1,1
0,16,2,17X,S,35,98,97,67,19150,29280,40760,29450,42090,54010,44690,61470,66250,1,1,1,1,1,1
0,16,2,17X,S,36,435,405,288,20970,29170,39220,30910,43670,54570,45350,62460,78260,1,1,1,1,1,1
0,16,2,17X,S,37,587,554,401,22930,30880,36280,32520,43330,47260,45030,57560,62870,1,1,1,1,1,1
0,16,2,17X,S,38,,58,,,28530,,,46060,,,71180,,5,1,5,5,1,5
0,16,2,17X,S,39,386,329,230,18570,26110,32510,28790,36660,46200,40560,49690,63740,1,1,1,1,1,1
0,16,2,17X,S,40,192,190,122,21360,25980,37710,30300,39060,48870,39940,52780,64390,1,1,1,1,1,1
0,16,2,17X,S,41,116,114,83,22740,30120,40660,30450,42090,51870,40180,60460,70150,1,1,1,1,1,1
0,16,2,17X,S,42,324,340,250,22340,28220,31820,32240,42820,48790,43440,57800,66350,1,1,1,1,1,1
0,16,2,17X,S,44,,,,,,,,,,,,,5,5,5,5,5,5
0,16,2,17X,S,45,225,200,141,22100,27490,34470,30140,37580,45030,40600,49370,60130,1,1,1,1,1,1
0,16,2,17X,S,46,,,,,,,,,,,,,5,5,5,5,5,5
0,16,2,17X,S,47,365,302,172,23210,29260,32580,31900,39700,46680,43000,52200,60710,1,1,1,1,1,1
0,16,2,17X,S,48,1894,1751,1266,24380,33670,40290,35570,46450,54330,50780,65190,75440,1,1,1,1,1,1
0,16,2,17X,S,49,88,76,,24490,32300,,36010,49920,,52620,62350,,1,1,5,1,1,5
0,16,2,17X,S,50,,,,,,,,,,,,,5,5,5,5,5,5
0,16,2,17X,S,51,547,480,373,24750,36450,43300,37420,51240,61930,57490,75210,86710,1,1,1,1,1,1
0,16,2,17X,S,53,603,481,341,25690,36610,45520,36690,51750,60460,51070,66290,79750,1,1,1,1,1,1
0,16,2,17X,S,54,,73,54,,28810,29220,,37180,45370,,56730,62890,5,1,1,5,1,1
0,16,2,17X,S,55,195,172,102,21300,26440,32090,29290,36580,43660,38510,45870,62890,1,1,1,1,1,1
0,16,2,17X,S,56,,,,,,,,,,,,,5,5,5,5,5,5
0,16,2,18X,N,00,40270,32630,18980,22110,28980,33580,31970,41740,48450,44480,57290,68360,1,1,1,1,1,1
0,16,2,18X,S,01,869,726,420,21070,27590,31370,30120,39060,45550,40770,52380,61780,1,1,1,1,1,1
0,16,2,18X,S,02,381,219,117,28660,37880,44210,40890,51940,63030,54660,69230,81200,1,1,1,1,1,1
0,16,2,18X,S,04,744,677,397,20970,30540,34890,31740,44260,50590,44420,59690,73730,1,1,1,1,1,1
0,16,2,18X,S,05,332,302,177,19520,22760,25760,27520,32130,40000,37000,44100,55210,1,1,1,1,1,1
0,16,2,18X,S,06,1945,1773,1001,21520,29820,37440,31330,46420,56500,47200,65980,83950,1,1,1,1,1,1
0,16,2,18X,S,08,1193,838,456,23870,30420,35650,33700,43810,50780,45140,57200,69670,1,1,1,1,1,1
0,16,2,18X,S,09,178,178,103,22710,32900,36290,32660,45030,55430,49550,62640,77010,1,1,1,1,1,1
0,16,2,18X,S,10,87,61,,25730,26610,,32630,39580,,42890,50090,,1,1,5,1,1,5
0,16,2,18X,S,11,272,346,242,44520,55550,61470,60900,73340,82350,84120,95350,108100,1,1,1,1,1,1
0,16,2,18X,S,12,2346,2049,1265,20280,26570,31400,28370,37800,43550,40220,51440,60440,1,1,1,1,1,1
0,16,2,18X,S,13,2511,2050,1216,22350,27860,31140,31880,39180,43850,42310,51210,58830,1,1,1,1,1,1
0,16,2,18X,S,15,198,146,68,21090,29280,40180,31000,44640,58190,46060,65850,74600,1,1,1,1,1,1
0,16,2,18X,S,16,150,125,77,18980,23230,26720,27370,34860,39580,35920,43430,58680,1,1,1,1,1,1
0,16,2,18X,S,17,917,875,502,20480,26560,34400,29810,40720,52780,42820,57560,73720,1,1,1,1,1,1
0,16,2,18X,S,18,645,506,266,21630,26910,28270,30890,38770,41570,40040,51240,56140,1,1,1,1,1,1
0,16,2,18X,S,19,299,251,136,21040,26570,31850,29430,40890,45370,40070,54000,57230,1,1,1,1,1,1
0,16,2,18X,S,20,912,542,277,23110,29140,34760,32900,40790,47230,43630,53010,59430,1,1,1,1,1,1
0,16,2,18X,S,21,849,669,389,23030,29660,33170,31680,40450,45820,42580,52690,59330,1,1,1,1,1,1
0,16,2,18X,S,22,812,563,334,20570,27560,31990,29590,40230,45480,41140,54540,62720,1,1,1,1,1,1
0,16,2,18X,S,23,130,105,55,21030,22790,27690,27500,32510,42570,35940,41970,56560,1,1,1,1,1,1
0,16,2,18X,S,24,752,646,424,26110,36850,43240,38710,53470,61400,52190,71880,84620,1,1,1,1,1,1
0,16,2,18X,S,25,131,149,140,21820,34810,38740,31460,48270,57620,46700,69670,79930,1,1,1,1,1,1
0,16,2,18X,S,26,703,587,366,21320,25920,31020,29130,39870,45430,41480,55090,66440,1,1,1,1,1,1
0,16,2,18X,S,27,302,298,137,21770,27880,31600,31600,38580,45790,40000,54420,59850,1,1,1,1,1,1
0,16,2,18X,S,28,217,238,164,18200,22770,24340,27970,32720,36580,37650,45910,50520,1,1,1,1,1,1
0,16,2,18X,S,29,1155,821,410,22250,29380,30620,31490,40610,46570,44100,55830,65640,1,1,1,1,1,1
0,16,2,18X,S,30,119,109,71,19450,28220,26160,24870,38710,38380,34760,51210,56870,1,1,1,1,1,1
0,16,2,18X,S,31,271,174,82,20330,24080,31460,28920,34480,42730,39220,43440,55830,1,1,1,1,1,1
0,16,2,18X,S,32,393,303,190,23480,30960,33610,33950,41850,51120,48240,67320,80870,1,1,1,1,1,1
0,16,2,18X,S,33,99,90,55,21230,29360,35970,31460,43460,53550,44260,56160,65760,1,1,1,1,1,1
0,16,2,18X,S,34,462,415,251,21580,31500,34810,32180,48180,54750,45030,66530,76460,1,1,1,1,1,1
0,16,2,18X,S,35,276,192,140,22870,27550,30620,34250,40660,50190,45030,56950,72500,1,1,1,1,1,1
0,16,2,18X,S,36,1139,994,606,21660,30350,36190,30620,43540,53430,43740,61110,82500,1,1,1,1,1,1
0,16,2,18X,S,37,1859,1512,879,21550,27180,31030,31300,38360,42400,42050,49570,55290,1,1,1,1,1,1
0,16,2,18X,S,38,130,84,57,24900,29110,27280,41270,44000,49470,58330,89730,84490,1,1,1,1,1,1
0,16,2,18X,S,39,1028,869,488,20560,26080,30620,28780,36980,43770,39520,50230,59750,1,1,1,1,1,1
0,16,2,18X,S,40,749,539,303,21280,25750,31860,29450,36540,42640,40440,48720,58700,1,1,1,1,1,1
0,16,2,18X,S,41,296,258,151,20880,26910,30510,29780,39500,47350,44920,52240,63500,1,1,1,1,1,1
0,16,2,18X,S,42,997,989,608,22260,29240,34490,31240,42670,48910,42990,55140,65680,1,1,1,1,1,1
0,16,2,18X,S,44,,,,,,,,,,,,,5,5,5,5,5,5
0,16,2,18X,S,45,822,654,419,21300,28070,29610,30910,39820,41700,41310,51590,55740,1,1,1,1,1,1
0,16,2,18X,S,46,76,69,,20970,26080,,28670,34000,,37410,49240,,1,1,5,1,1,5
0,16,2,18X,S,47,1268,870,484,20870,26090,29780,28880,37420,42440,39080,50810,58630,1,1,1,1,1,1
0,16,2,18X,S,48,5791,4353,2443,22720,30600,35970,33270,43590,50460,45840,60190,70080,1,1,1,1,1,1
0,16,2,18X,S,49,179,137,63,19780,25270,32440,27410,35970,43530,38870,51910,73590,1,1,1,1,1,1
0,16,2,18X,S,50,,,,,,,,,,,,,5,5,5,5,5,5
0,16,2,18X,S,51,2988,2498,1384,27010,35610,39830,41130,51190,56620,58720,73950,84510,1,1,1,1,1,1
0,16,2,18X,S,53,1485,1058,603,23230,32630,37520,33520,46380,54890,46570,61150,76140,1,1,1,1,1,1
0,16,2,18X,S,54,193,195,146,20260,26090,31090,28110,38270,46570,42010,54720,62440,1,1,1,1,1,1
0,16,2,18X,S,55,446,375,199,19640,27900,32190,28480,38380,44610,38930,50260,57180,1,1,1,1,1,1
0,16,2,18X,S,56,99,80,,23390,32300,,41140,46470,,54740,73810,,1,1,5,1,1,5
2000,8,A,000,N,00,182800,198200,155000,23230,31460,36500,34280,45750,52630,49450,65220,75530,1,1,1,1,1,1
2000,8,A,000,S,01,4175,4667,3647,24350,32840,37680,36280,47510,54820,53070,70110,80280,1,1,1,1,1,1
2000,8,A,000,S,02,1434,1344,998,28610,37220,42870,41070,54150,63210,58430,73550,84750,1,1,1,1,1,1
2000,8,A,000,S,04,3780,5443,4102,24610,33520,37930,37240,49040,55780,55850,70150,80130,1,1,1,1,1,1
2000,8,A,000,S,05,1049,1610,1319,19690,24920,28760,27950,36460,42180,38870,49780,58230,1,1,1,1,1,1
2000,8,A,000,S,06,11620,12870,9974,21790,32200,39190,32110,48310,58770,47340,68840,84320,1,1,1,1,1,1
2000,8,A,000,S,08,5953,5568,4082,25260,33760,38450,36850,48350,55730,51410,68720,79940,1,1,1,1,1,1
2000,8,A,000,S,09,844,942,701,21840,31850,41770,33350,46350,60190,48620,65870,83340,1,1,1,1,1,1
2000,8,A,000,S,10,377,412,321,22590,28110,31880,32150,43680,47990,44770,56840,68450,1,1,1,1,1,1
2000,8,A,000,S,11,975,1821,1623,44560,55900,65590,60070,75780,89960,80430,100400,115300,1,1,1,1,1,1
2000,8,A,000,S,12,11300,12420,9718,21630,29100,32680,31270,41170,46680,43290,57940,66910,1,1,1,1,1,1
2000,8,A,000,S,13,12260,12470,9115,25250,32270,35150,35720,44690,48960,49130,61160,66810,1,1,1,1,1,1
2000,8,A,000,S,15,1259,1127,828,24580,35210,39490,38380,53640,59540,61680,75250,84470,1,1,1,1,1,1
2000,8,A,000,S,16,760,861,690,19430,24850,29240,27170,35440,41610,36910,47450,56430,1,1,1,1,1,1
2000,8,A,000,S,17,3953,4789,3857,20740,29350,37400,30870,43980,54220,45630,61670,76070,1,1,1,1,1,1
2000,8,A,000,S,18,2817,2916,2386,22140,27700,32810,32190,40360,46670,44560,55940,64830,1,1,1,1,1,1
2000,8,A,000,S,19,1198,1387,1102,20920,26630,32860,29750,39780,46130,41150,53220,60850,1,1,1,1,1,1
2000,8,A,000,S,20,2895,2643,1975,23290,31150,35360,33140,42860,48420,45290,56740,65880,1,1,1,1,1,1
2000,8,A,000,S,21,4585,4702,3455,25750,34010,36560,36890,46510,50850,50210,60280,66680,1,1,1,1,1,1
2000,8,A,000,S,22,2808,3005,2299,21510,29140,34750,31780,43500,49960,44350,60480,71190,1,1,1,1,1,1
2000,8,A,000,S,23,685,764,609,20120,24440,30600,27550,34400,41800,35400,45290,57740,1,1,1,1,1,1
2000,8,A,000,S,24,5115,5198,4039,29910,42460,49040,46140,63710,73040,68980,92180,101400,1,1,1,1,1,1
2000,8,A,000,S,25,,655,1420,,34460,40180,,51320,59680,,69920,85310,-1,1,1,-1,1,1
2000,8,A,000,S,26,3147,3319,2846,20350,27260,33480,29500,41270,48360,42930,58240,71240,1,1,1,1,1,1
2000,8,A,000,S,27,1449,1616,1284,22200,29330,35590,32410,41840,49710,43610,56730,66720,1,1,1,1,1,1
2000,8,A,000,S,28,696,1258,960,20160,26070,28980,28770,37630,42010,41900,52240,58380,1,1,1,1,1,1
2000,8,A,000,S,29,3791,3982,3043,22200,28670,32330,31580,40420,46120,44420,57040,64300,1,1,1,1,1,1
2000,8,A,000,S,30,596,655,560,18860,24480,29430,25920,35530,41570,35920,50260,61020,1,1,1,1,1,1
2000,8,A,000,S,31,928,943,752,21280,27840,30920,29640,38700,43780,39780,52420,58040,1,1,1,1,1,1
2000,8,A,000,S,32,1813,1992,1451,23520,31280,33960,33120,44620,50900,48900,67050,73880,1,1,1,1,1,1
2000,8,A,000,S,33,393,581,470,22200,29810,37150,31060,41790,50670,39750,56450,66720,1,1,1,1,1,1
2000,8,A,000,S,34,2319,2449,1790,22860,33480,38870,34470,50640,58950,50430,70400,85090,1,1,1,1,1,1
2000,8,A,000,S,35,1339,1502,1197,21770,29760,37280,32440,43730,53320,47570,62050,73730,1,1,1,1,1,1
2000,8,A,000,S,36,5671,6717,5427,20940,30220,37790,30730,45130,54700,44200,64600,81940,1,1,1,1,1,1
2000,8,A,000,S,37,8625,8875,6743,24290,31820,35170,35800,44700,48450,50350,62020,68000,1,1,1,1,1,1
2000,8,A,000,S,38,290,438,501,16980,28310,40960,23680,41500,56830,35260,61560,87890,1,1,1,1,1,1
2000,8,A,000,S,39,4611,4863,3954,20450,26750,32760,29540,38790,46090,40500,53080,63710,1,1,1,1,1,1
2000,8,A,000,S,40,3383,3691,2871,21480,27980,33740,29820,40110,46850,41670,55310,64080,1,1,1,1,1,1
2000,8,A,000,S,41,1675,1815,1560,20670,27800,32100,29950,40810,47980,42180,55700,66910,1,1,1,1,1,1
2000,8,A,000,S,42,4544,5650,4734,21270,29330,35470,31000,43000,51130,43660,57500,68770,1,1,1,1,1,1
2000,8,A,000,S,44,290,264,196,19510,27070,36720,27410,38740,49520,39630,52030,67680,1,1,1,1,1,1
2000,8,A,000,S,45,3659,3941,3039,23200,28930,32620,32430,40700,44690,43590,55530,61020,1,1,1,1,1,1
2000,8,A,000,S,46,377,445,336,19040,25140,28110,25760,34130,40180,34780,44410,52460,1,1,1,1,1,1
2000,8,A,000,S,47,5107,4848,3604,22460,29260,32830,32460,41680,46820,44380,57220,63430,1,1,1,1,1,1
2000,8,A,000,S,48,25090,26310,20900,23800,33190,38780,35120,47510,55020,50630,66510,77390,1,1,1,1,1,1
2000,8,A,000,S,49,931,1024,796,21990,28440,34450,30700,42600,50620,43860,59200,70010,1,1,1,1,1,1
2000,8,A,000,S,50,240,245,236,21270,26940,34000,31590,42390,49620,40950,54700,72290,1,1,1,1,1,1
2000,8,A,000,S,51,11840,12680,9249,31820,42410,46740,51090,67300,73250,81500,102900,109700,1,1,1,1,1,1
2000,8,A,000,S,53,6792,6631,5145,24540,35310,40600,36500,50700,57790,50950,68370,79080,1,1,1,1,1,1
2000,8,A,000,S,54,785,1047,913,19960,26260,32100,27550,39440,47470,40580,55510,66740,1,1,1,1,1,1
2000,8,A,000,S,55,2018,2268,1785,20900,28050,32870,30350,39410,45810,41360,52770,60590,1,1,1,1,1,1
2000,8,A,000,S,56,535,579,492,25770,31740,39710,39070,48910,56160,55940,73350,78370,1,1,1,1,1,1
2000,8,2,10X,N,00,51170,54980,43830,21550,29480,35020,31150,42760,50430,43570,59890,71860,1,1,1,1,1,1
2000,8,2,11X,N,00,11640,12950,9905,25450,34310,39820,39430,51300,59020,61910,75520,84770,1,1,1,1,1,1
2000,8,2,12X,N,00,21590,23330,18100,24500,34070,39920,38460,52200,60360,62980,80400,88700,1,1,1,1,1,1
2000,8,2,13X,N,00,3755,4085,2022,26530,34610,40780,38350,49000,57250,53920,67090,79210,1,1,1,1,1,1
2000,8,2,14X,N,00,3977,4593,3926,23990,31570,38170,36800,47440,55950,53500,68940,81270,1,1,1,1,1,1
2000,8,2,15X,N,00,28170,31240,24010,24670,33140,37320,36120,47320,53450,52390,67870,77330,1,1,1,1,1,1
2000,8,2,16X,N,00,30860,32640,25870,24430,32360,36880,35800,46930,52630,50730,64740,72740,1,1,1,1,1,1
2000,8,2,17X,N,00,9215,10150,8388,22880,31140,36660,33100,44330,51220,45990,60610,71020,1,1,1,1,1,1
2000,8,2,18X,N,00,22450,24250,18970,22260,29540,33590,32240,42480,48450,44440,58260,68400,1,1,1,1,1,1
2008,8,A,000,N,00,129400,64620,,23470,30190,,35190,44350,,53650,64890,,1,1,-1,1,1,-1
2008,8,A,000,S,01,2768,1397,,24610,32060,,38050,48410,,61930,73340,,1,1,-1,1,1,-1
2008,8,A,000,S,02,1456,509,,27870,34900,,41650,52440,,57890,72280,,1,1,-1,1,1,-1
2008,8,A,000,S,04,3495,1764,,22930,29740,,36440,44520,,60440,67450,,1,1,-1,1,1,-1
2008,8,A,000,S,05,1060,517,,19750,24860,,27690,35840,,38740,48490,,1,1,-1,1,1,-1
2008,8,A,000,S,06,5928,4029,,21950,28410,,32720,42380,,50530,62490,,1,1,-1,1,1,-1
2008,8,A,000,S,08,4261,1923,,23700,29860,,35480,43810,,51540,63560,,1,1,-1,1,1,-1
2008,8,A,000,S,09,448,291,,22380,30030,,33290,47430,,49800,61070,,1,1,-1,1,1,-1
2008,8,A,000,S,10,206,95,,23800,27280,,37180,41140,,62580,59390,,1,1,-1,1,1,-1
2008,8,A,000,S,11,916,620,,47760,59570,,67110,80270,,88780,103500,,1,1,-1,1,1,-1
2008,8,A,000,S,12,6105,3202,,21070,25730,,30440,38020,,47690,56150,,1,1,-1,1,1,-1
2008,8,A,000,S,13,7013,3095,,24020,30610,,35760,44090,,52940,61160,,1,1,-1,1,1,-1
2008,8,A,000,S,15,834,396,,25250,31460,,41800,51590,,67760,77450,,1,1,-1,1,1,-1
2008,8,A,000,S,16,549,282,,20670,24260,,28110,34860,,36480,48570,,1,1,-1,1,1,-1
2008,8,A,000,S,17,2652,1672,,21050,27620,,30370,41690,,44510,60300,,1,1,-1,1,1,-1
2008,8,A,000,S,18,2253,1110,,21740,28330,,30290,39050,,40780,52060,,1,1,-1,1,1,-1
2008,8,A,000,S,19,1042,512,,22240,27460,,31510,39350,,42610,53070,,1,1,-1,1,1,-1
2008,8,A,000,S,20,2511,1037,,23200,29200,,32800,41220,,44490,56160,,1,1,-1,1,1,-1
2008,8,A,000,S,21,3168,1424,,25290,31940,,36570,45830,,52360,64120,,1,1,-1,1,1,-1
2008,8,A,000,S,22,2119,943,,23570,30940,,34930,46030,,51560,62850,,1,1,-1,1,1,-1
2008,8,A,000,S,23,456,214,,19860,24840,,26830,36170,,37350,47430,,1,1,-1,1,1,-1
2008,8,A,000,S,24,3061,1507,,36790,43370,,62810,69080,,93530,99350,,1,1,-1,1,1,-1
2008,8,A,000,S,25,966,714,,22920,33270,,33380,49590,,51100,73360,,1,1,-1,1,1,-1
2008,8,A,000,S,26,2218,1229,,21050,27630,,30360,41070,,42750,57940,,1,1,-1,1,1,-1
2008,8,A,000,S,27,1079,675,,20510,26950,,29220,38920,,40500,54980,,1,1,-1,1,1,-1
2008,8,A,000,S,28,736,323,,22620,28580,,32940,39120,,46470,53700,,1,1,-1,1,1,-1
2008,8,A,000,S,29,2941,1388,,21840,26850,,30810,38330,,44120,54100,,1,1,-1,1,1,-1
2008,8,A,000,S,30,419,239,,19270,25060,,26820,35320,,37230,55180,,1,1,-1,1,1,-1
2008,8,A,000,S,31,918,424,,21910,26750,,30300,38090,,39980,50730,,1,1,-1,1,1,-1
2008,8,A,000,S,32,1233,529,,22110,28590,,32070,39450,,46540,58740,,1,1,-1,1,1,-1
2008,8,A,000,S,33,389,207,,21460,29500,,31310,47030,,42410,66470,,1,1,-1,1,1,-1
2008,8,A,000,S,34,952,547,,22020,31640,,34930,46640,,55640,65270,,1,1,-1,1,1,-1
2008,8,A,000,S,35,923,436,,23420,30470,,35720,45180,,52840,66580,,1,1,-1,1,1,-1
2008,8,A,000,S,36,3196,1959,,21820,28980,,31970,43860,,47640,61630,,1,1,-1,1,1,-1
2008,8,A,000,S,37,5924,2747,,24420,30760,,37050,43760,,57150,63780,,1,1,-1,1,1,-1
2008,8,A,000,S,38,610,342,,28710,33740,,46640,55420,,71730,89630,,1,1,-1,1,1,-1
2008,8,A,000,S,39,3149,1749,,20960,26960,,29070,38220,,40800,52300,,1,1,-1,1,1,-1
2008,8,A,000,S,40,3045,1295,,22990,29280,,33120,41200,,48180,57120,,1,1,-1,1,1,-1
2008,8,A,000,S,41,1085,704,,20730,25760,,29570,37430,,41640,56100,,1,1,-1,1,1,-1
2008,8,A,000,S,42,2645,1691,,22830,28940,,32850,42920,,46920,58840,,1,1,-1,1,1,-1
2008,8,A,000,S,44,128,67,,20110,30140,,29360,39580,,48120,54700,,1,1,-1,1,1,-1
2008,8,A,000,S,45,2344,1100,,23340,29630,,33010,41780,,46290,56680,,1,1,-1,1,1,-1
2008,8,A,000,S,46,289,143,,20660,25120,,28420,34720,,36550,43630,,1,1,-1,1,1,-1
2008,8,A,000,S,47,3474,1516,,21690,27180,,30460,38490,,43090,53700,,1,1,-1,1,1,-1
2008,8,A,000,S,48,21630,10070,,24700,32790,,36960,46930,,54590,66660,,1,1,-1,1,1,-1
2008,8,A,000,S,49,881,385,,22020,27890,,30890,40120,,44440,59330,,1,1,-1,1,1,-1
2008,8,A,000,S,50,131,92,,23610,34280,,31350,45720,,41660,64750,,1,1,-1,1,1,-1
2008,8,A,000,S,51,8424,3870,,36830,43400,,64140,71310,,100700,106200,,1,1,-1,1,1,-1
2008,8,A,000,S,53,4908,2202,,23800,32610,,35640,46730,,52100,65830,,1,1,-1,1,1,-1
2008,8,A,000,S,54,545,303,,21980,25590,,31580,38080,,45150,57430,,1,1,-1,1,1,-1
2008,8,A,000,S,55,1648,977,,20430,26360,,28210,37340,,38770,49900,,1,1,-1,1,1,-1
2008,8,A,000,S,56,422,172,,28110,36940,,43370,49240,,60340,76760,,1,1,-1,1,1,-1
2008,8,2,10X,N,00,36440,18750,,21930,28860,,31750,41970,,47330,61210,,1,1,-1,1,1,-1
2008,8,2,11X,N,00,7698,3750,,26490,33830,,42570,53360,,67350,78750,,1,1,-1,1,1,-1
2008,8,2,12X,N,00,16290,8344,,25090,31980,,40510,49730,,72340,77660,,1,1,-1,1,1,-1
2008,8,2,13X,N,00,8391,4516,,24360,32110,,35940,44390,,50590,60790,,1,1,-1,1,1,-1
2008,8,2,14X,N,00,1971,1089,,26980,33970,,41810,50730,,66900,73020,,1,1,-1,1,1,-1
2008,8,2,15X,N,00,18100,9283,,25670,31800,,39570,46930,,59560,68920,,1,1,-1,1,1,-1
2008,8,2,16X,N,00,19020,8782,,24760,31010,,37220,45650,,55190,63590,,1,1,-1,1,1,-1
2008,8,2,17X,N,00,3684,1727,,21810,28410,,31420,40330,,44400,55820,,1,1,-1,1,1,-1
2008,8,2,18X,N,00,17820,8387,,21940,27570,,31620,39650,,44550,54830,,1,1,-1,1,1,-1
